iter,p0_x0,p0_x1,p1_x0,p1_x1,p2_x0,p2_x1,p3_x0,p3_x1,p4_x0,p4_x1,p5_x0,p5_x1,p6_x0,p6_x1,p7_x0,p7_x1,p8_x0,p8_x1,p9_x0,p9_x1
0,2.2370549369017203,-2.637141284182028,2.282363886306838,-5.069203278817756,4.361879005488327,4.849968236065581,0.44167266198116195,-2.8002117141488614,4.781662929880123,-1.7204737841241173,3.7912553196971244,2.688289061965608,-1.7942035522391007,-2.997378563793311,-3.7218862216761353,2.238853173475851,-1.2930232904928287,1.8383362523659423,-1.8465743225432867,-4.229549140441935
1,1.7370549369017203,-2.137141284182028,1.7823638863068378,-5.12,3.861879005488327,4.349968236065581,0.941672661981162,-2.3002117141488614,4.281662929880123,-2.2204737841241173,3.2912553196971244,2.188289061965608,-2.2942035522391007,-3.497378563793311,-4.221886221676135,1.7388531734758512,-0.7930232904928287,1.3383362523659423,-2.3465743225432867,-3.729549140441935
2,1.2370549369017203,-2.0565115087140753,1.2823638863068378,-4.972665751970472,3.361879005488327,3.849968236065581,0.44167266198116195,-2.098821942125681,3.781662929880123,-2.7204737841241173,2.7912553196971244,1.688289061965608,-1.7942035522391007,-3.2558946776874977,-3.721886221676135,1.2388531734758512,-1.2930232904928287,0.8383362523659423,-1.8465743225432867,-3.229549140441935
3,0.8870549369017203,-2.0000706658865086,0.8983466522951544,-4.472665751970472,2.861879005488327,3.349968236065581,0.6847793394506774,-2.000652291148422,3.281662929880123,-2.3978107983116432,2.2912553196971244,1.188289061965608,-1.2942035522391007,-2.7558946776874977,-3.221886221676135,0.7388531734758512,-0.7930232904928287,0.33833625236594234,-1.3465743225432867,-2.729549140441935
4,0.6420549369017203,-1.9605620759072118,0.9759764571937307,-4.224700467067385,2.361879005488327,2.849968236065581,0.9679464032721122,-1.9311714276002447,3.0093055423241037,-2.3748483478696567,1.7912553196971244,0.6882890619656079,-1.2302027220338523,-2.2558946776874977,-2.721886221676135,0.23885317347585122,-0.2930232904928287,0.6674542642192524,-0.8465743225432867,-2.229549140441935
5,0.9067408575617945,-1.9108599275878762,1.0284224636356987,-3.724700467067385,1.8618790054883272,2.349968236065581,1.1661633479471165,-1.8825348231165209,2.5093055423241037,-1.9738304653776237,1.2912553196971244,0.1882890619656079,-0.7302027220338523,-1.8326007797504613,-2.221886221676135,-0.2611468265241488,0.18873134162513316,0.16745426421925236,-0.3465743225432867,-1.729549140441935
6,1.098796896682049,-1.947847334584532,1.0225503728134486,-3.224700467067385,1.3618790054883272,1.849968236065581,0.9149019166966772,-1.9076138941383134,2.0148442762084815,-1.6833556426823009,0.7912553196971244,-0.3117109380343921,-0.6502967482598714,-1.9923649263376926,-1.7218862216761348,-0.7611468265241488,0.6887313416251332,-0.33254573578074764,0.15342567745671332,-2.1350862704546687
7,1.0454117155876526,-2.008635761616984,0.9936560765079081,-2.7425816026114855,0.8618790054883272,1.349968236065581,0.7995427064274696,-1.9695634426768083,1.5266146118752617,-1.8091015997192887,0.8204981532503068,-0.8117109380343921,-1.1502967482598714,-2.2672578787960718,-1.2218862216761348,-1.1196978565207665,0.6858872058345283,-0.7834673405529047,0.6534256774567133,-2.370107281873108
8,1.008042088821575,-2.051187660539701,1.0390808152098574,-2.3606543408066716,0.7134902218567044,0.891117853958708,0.7632366261987944,-1.978303806326222,1.2417287457714348,-2.04574770671562,1.0670261467825708,-1.311710938034392,-0.6502967482598714,-2.499664685401052,-0.7218862216761348,-1.6196978565207665,1.1205421828530366,-1.2834673405529047,1.1534256774567133,-2.3209823771377778
9,1.0215973342728442,-2.007180689788157,1.014632114440175,-2.285357875808968,0.708382599386147,0.391117853958708,1.1675553250313033,-1.9538908388209,0.8896765177700339,-2.1653000054124525,1.0746190987224573,-1.811710938034392,-0.15029674825987138,-2.72997363629021,-0.2218862216761348,-2.1196978565207667,0.9102383326349797,-0.7834673405529047,1.4779588822353484,-1.858010140324816
10,1.0310860060887326,-1.9763758102620759,0.9978503066611748,-2.0703962028902954,0.7866658707586734,-0.10888214604129198,1.3266501295474649,-1.9730093610040407,0.7886296704241187,-2.227551255692674,1.0412918573196603,-2.311710938034392,0.16819497785582305,-2.843053165327471,0.2425861134132462,-1.8893068171556662,0.8807472208537036,-1.2834673405529047,0.9779588822353484,-1.6753639777049558
11,1.0216082413299825,-1.9822534807936196,1.011678605858855,-1.870364519026577,0.8973997425065575,-0.608882146041292,0.8266501295474649,-2.0119176850294593,0.859635319092146,-2.19707846288294,1.0573138116786795,-2.2492130806553328,0.668194977855823,-2.343053165327471,0.7375935737590584,-1.3893068171556662,1.0491369173972596,-1.5893020232552293,0.47795888223534844,-2.0112829081161028
12,1.0149738059988576,-1.9863678501657003,1.0136434973398356,-2.0989807543372994,0.9225262270016235,-1.1088821460412919,0.7772954705026526,-1.9982555327312561,1.1303577251819807,-1.8861550000249294,1.077604298489918,-1.8712603924146984,0.795391473178028,-1.843053165327471,0.38635355414035133,-1.481928402597595,1.1062843118823156,-1.0893020232552293,0.08919630904426695,-2.348004398741428
13,1.01032970126707,-1.9892479087261568,0.9941650801527838,-2.0821253113713265,0.988410712316117,-1.6088821460412919,1.0884680275666776,-1.905796441489045,1.2826798929129377,-1.6827388472818405,1.0133105692109654,-1.6856838971583734,0.9819472061551722,-1.6332014985518755,-0.11364644585964867,-1.7402794307780494,1.1365483971249715,-1.368752715262623,0.401635594598532,-1.971811398177315
14,1.0070788279548188,-1.9912639497184763,0.9954900630577713,-1.960872492163791,0.9661918844064097,-1.9222465566446365,1.1052672555234344,-1.9243854625982364,1.170458990737433,-1.7243487019715296,1.0422623916346556,-1.6612454856637142,1.0946688300952028,-2.035037952928018,-0.6136464458596487,-1.2480319948584582,1.0266415829523556,-1.868752715262623,0.9016355945985319,-1.8092159331914088
15,1.004803216636243,-1.9926751784131,1.0123029202553813,-1.8873997292154503,0.9710519479107766,-1.4222465566446365,1.08738726547483,-1.98024728826746,0.9466852697046756,-2.087383531324484,1.0614067352528929,-2.070610996075543,1.1194989813080987,-2.300549972846733,-0.8941120830672955,-1.095774123428149,1.0427800784132657,-1.9584374500831443,1.0324690694471197,-2.1116826181029933
16,1.00321028871324,-1.9936630384993366,1.003321774442751,-1.9891054846782399,0.9750623246942427,-0.9222465566446365,0.99831861803102,-1.990134352492728,0.8176537717000664,-2.248309443495346,1.0506643842377048,-2.3434295959582268,0.9932526770233473,-2.0842207666072206,-0.3941120830672955,-1.1108923872545386,1.0088318988314489,-2.055762069257071,1.097981729147864,-2.3009260870510504
17,0.9666892728026087,-1.4936630384993366,0.9654121073159515,-1.4891054846782399,0.977869588442669,-0.5722465566446365,0.9280102788518072,-1.490134352492728,0.9726590431724963,-1.7483094434953461,1.022464230201179,-1.8434295959582268,0.8816173378197111,-1.5842207666072206,0.1058879169327045,-0.9906000831956414,0.9749870939486677,-1.5557620692570708,0.9676259610509789,-2.0500036578382037
18,0.9801651787187248,-0.9936630384993366,0.9633625743209968,-1.4653510487052175,0.9745308642702232,-0.9833054191059312,0.9862921738294056,-1.497614104327553,1.07287342116259,-1.2483094434953461,0.9814642145014874,-1.3434295959582268,1.0170983287234283,-1.0842207666072206,0.6058879169327045,-0.826568996992468,1.0287108388573074,-1.1153606797750497,0.8792261885375384,-1.5500036578382037
19,0.989598312860006,-0.6436630384993366,1.0004136197202624,-1.4444934618150016,0.9744337776759353,-1.28182914871699,1.0398704336430054,-1.4615710814925182,0.9709843025262643,-1.5545523167042203,1.0247758916022316,-0.8905460934294579,1.0789603203868523,-0.6992394854511959,1.1058879169327045,-1.1583111956539807,1.01729903214587,-0.6741727648663806,0.9726141068985126,-1.748926386500626
20,0.9760504450033558,-0.7850110657376193,1.0253532664841984,-1.3854486490454094,0.9790060322785479,-1.366690598224144,0.9752244470318027,-0.9615710814925182,0.8874122476167823,-1.5002994283793598,1.0091372650376826,-0.677121389197779,1.065000262208967,-0.8235053865198239,0.6058879169327045,-1.1843319223055369,0.9878711247425771,-0.7431489085011882,1.0414326776220717,-2.2074276682987515
21,0.9702789675395717,-1.1959908807955983,0.9960386080891389,-1.8854486490454094,0.9795473570000087,-0.866690598224144,0.9341727091423131,-0.6449560058512891,1.0150640860405558,-1.4931268343929183,1.0034257628709597,-0.9736914059026787,0.939762897233302,-1.3235053865198239,0.1058879169327045,-0.6843319223055369,1.007593376054905,-1.2431489085011882,1.0554967864209288,-1.7074276682987515
22,0.9732926376396993,-1.0931217498327481,0.9785799232348481,-2.125057854060457,0.9768953969758147,-0.6454119790770336,0.9658828026518982,-1.0932422586590484,1.0362116860328847,-1.3404219066286642,0.9775375822743085,-1.188980196747935,0.9202493554189674,-1.1554268173039222,0.6058879169327045,-0.8953203698219314,1.0232265651339496,-1.3918378510706655,0.8931781009986491,-1.2074276682987515
23,0.98121865035245,-0.8101176596431101,0.9684160567814021,-2.055131697086303,0.9771054094262488,-0.7609177062993381,1.0072146982497807,-1.254489627783426,1.0021973791404943,-0.9879564025002073,0.9843956194730251,-1.070353306292499,1.0218387959420532,-0.9030702961721548,0.4566704702388764,-1.1676977450590116,1.0105805423510466,-1.2686306413548079,0.791060123530848,-1.1296330640628087
24,0.9890567971073635,-0.9544340678443062,1.0090211018287627,-1.5551316970863032,0.9969237171760446,-1.2609177062993382,1.0201497663755794,-1.2481008255398953,0.9783873643158211,-0.7412305496102876,1.0039710601752807,-0.927264567803369,1.0733976733051294,-0.894687209273405,0.25586140426833104,-0.9055221271207553,1.0193031113603477,-0.8022609017146691,0.8530327549224658,-1.6296330640628087
25,1.007236225787897,-1.1276823317021534,1.0255802320837784,-1.0551316970863032,0.9966261560666089,-0.8837159661804173,0.9729630669876317,-0.8574872052235121,1.0008009389979775,-0.9579448306374941,1.0167942692109555,-0.9042804689900961,1.008777261638193,-1.0588530171557191,0.23335215471767248,-0.9137915930517425,1.0130964299954925,-0.8634496051883939,1.1237432545106782,-1.2104672376892915
26,0.9853704133588433,-0.9126975104276831,1.01010477702007,-0.6613994154555799,0.9858368255968227,-0.8466939171786179,0.9765120004726408,-0.7151360383452248,1.0189668621278882,-1.1197509948672597,1.0168178519658424,-0.9293638590542166,0.962563728806424,-1.1516880943417933,0.2796677543648961,-0.942155777652787,1.015253701478203,-1.2052266404396745,1.159313976886957,-1.142023569121664
27,0.9913996743151468,-0.8651111497073009,0.9979227383740672,-1.0868458921973212,0.9811929263117601,-0.8822902447744223,0.9949058343909765,-0.9928782038496914,1.012719293669427,-0.932291561723831,0.9953463814501307,-0.9924989956952859,0.9579387776581181,-1.115024509945918,0.13257197279878224,-0.9963041435106174,1.020537519284144,-1.3730638774421942,0.9312176390911939,-1.1492480474438636
28,0.9808679938739198,-1.0024247583080101,1.0118649960483392,-1.3326533127420817,0.9850005161958448,-1.1583844207489618,1.0077815181338114,-1.187297719702818,0.9791486931754719,-0.8683857663001953,0.9799597965954816,-1.0367927533077501,1.0132528158900247,-1.0211076942737916,0.23020302308916013,-1.0250752869859645,1.022681504564133,-0.8730638774421942,0.8593821937261685,-1.6492480474438636
29,0.9792282340685728,-1.0926813866754965,1.0215023661945724,-1.2425994748445768,0.9839936813763411,-1.0834738620678566,0.9975920918697851,-0.9871763068577977,0.980784825481074,-1.010711694505182,0.9907019748286114,-1.0138616215279121,1.0298617718012484,-0.9320268924617173,0.7302030230891601,-1.012340253551646,1.0004479184721848,-0.5860077069317672,0.969825418319127,-2.1198006744184426
30,0.995678147337626,-0.9818461691444436,1.0019498851834256,-0.8135463199546957,0.9723160829479662,-0.9568141751929691,0.9880409153154417,-0.8495405755493619,0.9963111073497642,-1.0780043965680501,1.0054602361209164,-0.9580290499772947,1.0236952265736647,-1.0130500858773148,0.8322479213190864,-0.9788370752261691,1.01070418813788,-1.0860077069317673,1.0563489881457382,-1.6198006744184426
31,1.006334782046193,-0.9141063123191391,0.9962934283086227,-0.8309209379072509,0.977173230427705,-0.8827152678729913,0.9833594810430144,-0.8867325878136927,1.0107401130592473,-1.0171989774716645,0.991409775241919,-0.9798999020791317,0.9899452731872393,-1.0602279814383633,0.44754018732501627,-0.973279944217034,0.9974274898924581,-1.320757698289761,1.0694932862944029,-1.5494707054264258
32,1.0002239757151807,-0.9216201569174616,0.9947882045588037,-1.0707072066492462,0.9998904402751908,-0.8748275438847306,0.9829217975513028,-1.0514427015444279,1.0130675082462652,-0.9699582609156164,0.9864286178512566,-1.0138999700967584,0.9979281995799412,-1.0595151655611692,-0.05245981267498373,-0.975678044714096,0.991995819906913,-0.8207576982897611,0.8470790337083853,-1.1952091528057849
33,0.5002239757151807,-1.0138504552459013,1.018202633360201,-1.1497434613154678,0.4998904402751908,-0.99508979488577,0.4829217975513028,-1.0600197799698432,0.5130675082462652,-0.9471059806845209,0.4864286178512566,-1.0017134724032528,0.49792819957994117,-1.0048814331030549,-0.4024598126749837,-0.9773567150620395,0.491995819906913,-0.9985526619332448,0.34707903370838533,-1.6952091528057849
34,0.5312824284282232,-1.064014170895859,0.7755458732935772,-0.8791291835328577,-0.00010955972480919396,-1.050896558816446,-0.017078202448697177,-1.0255312764064042,0.12149989014272922,-0.9988667042540047,0.7368918506881257,-0.9626064639171926,0.41084842748611383,-0.9297210258607949,-0.13170698495252092,-0.9761951377457581,0.6536476636097763,-1.128117971053144,-0.08000109602824312,-2.0622622914008284
35,0.3052275334986496,-1.0480904205450068,0.27554587329357716,-1.0171539096619446,-0.35412405482874854,-1.058122272812822,-0.36707820244869716,-1.0013893239119969,0.6214998901427292,-1.0630464199221397,0.646245743072287,-0.9816825066201799,0.5311324957775958,-1.0599848553985034,0.16747907317331212,-1.0102130695908833,0.7326368352247121,-1.0355212296662963,0.4199989039717569,-2.0149652588147977
36,0.6113872233201767,-0.9340381656120652,0.49794968884772467,-1.1512979409261839,-0.031992076864893804,-1.0280886098629674,0.0829982358021506,-1.0142592261601318,1.0108380693337655,-0.9703715286752466,0.5584391701787225,-1.0410340096960158,0.6098899177586117,-1.127991671189112,0.10089071895733862,-1.006434242278723,0.8459223772470907,-0.981863833752378,0.8320840933441733,-1.5149652588147977
37,0.15652006390018414,-0.956933775806584,0.9979496888477246,-1.0648517067385914,0.2133673038390098,-1.0051241626958831,0.3231441256211072,-1.041147805036653,0.8692008521244436,-0.9728224230565953,0.5055531261759538,-1.0242923380029478,0.34061557557286165,-1.0708434676925103,-0.19375978056670554,-0.983924028022489,0.34592237724709074,-1.0470648636734228,0.6790651452673283,-1.2842173990884704
38,-0.056007889988600124,-1.0529013225029535,0.4979496888477246,-0.9561891917334872,0.023713628979330076,-1.045234490544012,-0.09233660872681487,-1.0444462196224138,0.36920085212444365,-1.007743031829398,0.2849131787911874,-0.9848967268400799,0.6542347125664574,-0.9802833693588656,-0.10812221067447306,-0.9645893642991371,0.7977059345820317,-1.120734467912181,0.45131744734673007,-1.5709539256456249
39,0.3238872395433604,-1.083038547767023,-0.002050311152275386,-0.989700040923607,-0.18633599236676016,-1.0410202837617588,-0.33681865596115296,-1.0073071928214896,-0.13079914787555635,-1.0187083597394948,0.7849131787911874,-1.0102523259172718,0.3619995917103207,-0.9722538827186518,0.0668721710873198,-0.9993400893357602,0.8199076296073126,-1.0851009265376166,-0.04868255265326993,-1.803610063822004
40,0.8238872395433604,-1.0123517255929633,-0.35205031115227536,-1.013157635356691,-0.09184054295425473,-0.9854686488605136,0.16318134403884704,-0.9802773092412662,0.36920085212444365,-0.9801096049988963,1.1084608789655408,-0.9957632058976668,0.43614235003219076,-1.0160229572818011,0.09534965823606163,-0.998145420195024,0.31990762960731256,-0.9758613027810565,0.15130061191348873,-1.303610063822004
41,1.1994915205059289,-0.9341112201295363,-0.20391973493338728,-0.9836161179862585,0.10464933869770257,-0.9568013049348796,0.3189208194554612,-1.0096765152349363,0.8692008521244436,-0.9627009835374088,0.6084608789655408,-0.984379448521862,-0.00828345446327916,-1.0229332093508887,0.029211212656351945,-0.9665141139934715,0.16917910321993468,-0.9208397967905366,0.6513006119134888,-1.3772349886346438
42,0.6994915205059289,-0.9239926904355964,0.19584139145259,-0.975550240203752,0.17064138692756647,-1.0553761032025453,-0.09928692246273646,-1.0245003079510344,1.2126531424233844,-0.9906964716226891,0.5558228784704311,-0.9878556957703205,-0.31497494209722987,-1.002341972940121,-0.04987190984267263,-0.9659480688119226,0.5093324015752078,-1.0633867261128775,0.8363297469902563,-1.8772349886346438
43,0.1994915205059289,-1.0269409286207871,0.156199554059088,-0.9952332463507358,-0.15151117624212912,-1.0183853454531147,-0.2629204140093912,-1.0193396392869774,1.1770055709569476,-1.006855588271751,0.5533289704628003,-0.9927042998855967,-0.3275615631580028,-0.9851012520025441,-0.042180411550787215,-0.9680819818154484,0.6605479436979217,-1.11720086345964,0.5672254216609918,-2.2141313010515122
44,0.6104273497503906,-1.0037153307644775,-0.04216616398809128,-1.0019575608915448,-0.15207390275773,-0.9673137880213021,-0.30301469194234987,-0.984052970632774,0.6770055709569476,-0.9866428329571414,0.5742102881782601,-0.9920763938197243,0.1136754283917874,-0.9856033182991839,0.07688552993690415,-0.9916630161063393,0.1605479436979217,-1.0631954944785458,0.30807875183455957,-1.7141313010515122
45,0.3319296124273221,-0.9611018194661584,-0.1257232036011146,-1.000317926925225,-0.010470099633664937,-0.9709683106316566,-0.16540571143208593,-1.0197192187074793,0.35642343918595254,-0.9731459448571108,0.33606500702554304,-0.9900546530753673,0.300158516301819,-1.0087728625627297,0.04940172743177061,-0.9989886859969672,0.42024816415728533,-1.0274359432144624,-0.13086128304013073,-1.7986365144846697
46,0.5996818629477343,-0.9706910434588139,0.10815448557786345,-0.9839328256979333,0.08892963564957458,-0.9981181036697215,0.3092961340438788,-1.0293139108848794,0.524192914197952,-0.9853396953468105,0.41486614228900043,-0.9913456438207299,0.21592767307007157,-1.0139910625295308,-0.04253876742543454,-0.9939586375222417,0.6862381091781605,-1.0128792801444515,0.3691387169598693,-1.5991056705319076
47,0.7801437363152908,-0.989607857856075,0.1473268642471937,-0.9813690741112243,-0.021042883815927865,-1.0027465171958563,0.11137180896413801,-0.9934698863796754,0.9731720221967066,-1.0024573796641885,0.6494396144149606,-0.9913082301963254,-0.1554654806965791,-0.990665335325038,0.023197090790462893,-0.9620078267550441,0.5048822874417283,-1.0879439924706769,0.7725216977050167,-1.4148018102894777
48,0.28014373631529077,-1.0004055363420432,0.013232957179305005,-0.9839565295043357,-0.07726342661203127,-0.993232460816504,-0.27748321362552403,-1.0055005700281754,1.298072654140165,-0.9864362513067122,0.1578674108650504,-0.9910653057062834,-0.1582097281539531,-0.9957334649876682,0.06223908197678923,-0.9545391736289242,0.23122433463585929,-1.1389892860248043,1.0322557259532288,-1.3045716359325061
49,0.02660269418933764,-1.0048509121519464,-0.11122929211301957,-0.9874987536860957,-0.054733232305674645,-0.9928620332583238,-0.16410503156678086,-1.012379290920123,0.798072654140165,-0.9795499536524533,0.07521952649663921,-0.9921125769921102,0.09827435739747589,-1.0122004749200595,0.06644894031896353,-0.9600702357598211,0.7312243346358593,-0.9977124974921356,0.5322557259532288,-1.6001262796810205
50,-0.16325073561340797,-0.9893983557225013,-0.16959727068725983,-0.9931044250566847,0.002548230931962145,-1.0023289160776447,0.16256207263005068,-1.0008137864457989,0.599300103728966,-0.9814080417073322,0.5237856864856978,-0.9916322738285478,0.11199500830987617,-1.0281887404759777,0.04953949303251365,-1.001550474498267,0.34387647515243075,-0.9770197366284916,0.21849396870610904,-1.8687035827026501
51,0.06474504779750498,-0.9800492427275138,-0.03215593513795903,-0.9920944086638955,0.042472111400020274,-1.0053399648708614,0.1042741170960893,-0.9932647434138265,0.09930010372896603,-0.9968409774674735,1.0237856864856978,-0.991700523704928,-0.041385474681402426,-1.025579826162607,-0.020979611573924237,-0.9797193066683523,-0.15612352484756925,-0.9876139203865753,0.7134720868714235,-1.3687035827026501
52,0.19182676690888098,-0.9983823681290886,0.10270850026911651,-0.9892164470214221,-0.015870070441191916,-0.9883992093776739,0.039891983820710034,-0.9875352124842297,0.28506138959940125,-0.9988977761778821,0.5237856864856978,-0.9901871370884818,-0.10895365570780317,-1.0136044071868835,-0.06588950291646986,-0.9699797688263943,-0.16813552961239184,-1.022191188744153,0.5029858327646642,-0.8687035827026501
53,0.1561924283623344,-1.014444946924031,0.033562323279547696,-0.9873945623637198,-0.04656074928123076,-0.9964975334832259,-0.0748823824271096,-1.0182580732556679,0.4329557465609833,-0.9844679154940874,0.09066582923239708,-0.9906906961470567,-0.013613194240468418,-0.9993133851137543,-0.03741206397012544,-0.9890104191151498,0.33186447038760813,-1.0460953076066237,0.2117490207301873,-1.0197652671060362
54,-0.05827247034211755,-0.9858340896501347,-0.04616583223053877,-0.9879948103634157,0.0008557488862731832,-1.0022359727147887,-0.11529544843248256,-1.0132811694136545,0.9329557465609832,-0.9841405078896983,0.5906658292323971,-0.9916698008252409,0.05319089487551913,-0.9782496725262411,0.015362002673366577,-0.996146140506965,0.8318644703876081,-1.0708868918611643,0.37844839254418916,-1.5197652671060362
55,-0.0356110228476991,-0.9881706931308383,-0.04239372582889565,-0.9900743232590309,0.03208145249721101,-0.988900219551493,-0.09982084470353625,-1.0036872590636645,0.43295574656098323,-0.9881122782099556,1.090665829232397,-0.9912960798419085,0.055547859723332454,-0.9936826546938357,0.04370559471525941,-0.9948135656502916,0.9940140906161071,-1.0055723486775683,0.45404978163685716,-1.7178996078090922
56,0.05674804968713626,-0.9915674172849464,0.015212203898713209,-0.9911222513861863,0.0381863059852221,-0.99608219394247,-0.031501283600140983,-1.002680669122734,0.4343444333795476,-0.9908307794977006,0.9591469973898614,-0.9912338550205939,-0.011834830736049462,-1.0035479148332875,-0.011576480661604549,-0.9925784465304677,0.4940140906161071,-0.9541162327872155,0.5095925879729013,-1.954468946762105
57,0.07558723244303994,-0.9947708959752348,0.03478582033417266,-0.99048180101525,-0.046923437490769715,-1.0001404360786268,0.022249096355258867,-0.9985839059311404,0.1410866141323595,-0.9892932786937915,0.4591469973898614,-0.990121369005036,-0.05246276609507085,-0.9987525632384152,-0.04554573974622807,-0.9904746961522475,0.09267663749947963,-0.9970580862704735,0.5432439417111741,-1.454468946762105
58,0.03927314107425081,-1.0014657583676954,-0.014665034426495784,-0.9889409543238266,-0.023179071921495976,-0.9911043957318765,0.04091200539500177,-0.9923257442098178,0.6410866141323595,-0.9877927203746165,0.2425430487707434,-0.9924486681997824,-0.03333752284109925,-0.9910012665047677,-0.030124490063645322,-0.9910403569452245,-0.1857779941513747,-1.02882667091205,0.5400051831967252,-1.2911190029332453
59,-0.03718598510064211,-0.9935546565412423,-0.0348851755713459,-0.9889682607806141,0.023384772093880086,-0.9934732130637196,0.015315963036835474,-0.9881297982664347,0.9100965547495102,-0.9884585392866108,0.3962329350515049,-0.9921760214935897,0.0068598114353306885,-0.9910990754287465,0.021664469161900082,-0.9904928250848763,0.3142220058486253,-1.0309761906980348,0.5168066528341988,-0.9241769029689936
60,-0.023001102175267327,-0.9903477126208122,-0.0049169838950486044,-0.9902361236512716,0.011532189201605161,-1.0020329264781265,-0.02140764837952111,-0.9871478455010149,0.7584803276336813,-0.9887352597077289,0.8962329350515049,-0.9893720473421035,0.03193953600917444,-0.9895675542505096,0.006871416437075173,-0.9911972120583737,0.5538685630574304,-0.9843655590718408,0.2833491882476287,-1.4241769029689935
61,0.0060459540499064775,-0.987377602529694,0.02060774351574887,-0.9908662743323445,-0.01094255681035321,-0.9910889550220259,-0.025042363848154094,-0.9880662455322063,0.25848032763368134,-0.9897132039887683,0.831973408050678,-0.9889110529413263,-0.00022663605963589573,-0.9904865021485256,-0.005532117765448808,-0.9907916598767138,0.954598427653593,-0.9613460046697531,-0.18446579846356764,-1.4884301591392397
62,0.022002012795913867,-0.9875915606539758,0.00493836390334863,-0.9907513566534667,-0.014150723176008302,-0.9976472162815101,0.020843288032841897,-0.9909867950739404,0.3176935949244307,-0.9901927251527475,0.6795957309648215,-0.993254157792496,-0.02274295650780313,-0.9911297656771368,-0.008290391577657371,-0.9902737569191462,0.6479849927541582,-0.9573467511179459,0.31553420153643236,-1.282032387050989
63,-0.008901091300620865,-0.9891185027325443,-0.00956719069547389,-0.9889215311330475,-0.0012308305861326186,-1.0074221277551343,0.025834526034253725,-0.9912793450537116,0.6111603094068873,-0.9877984071528793,0.664562582292965,-0.992346527690039,-0.011239348745685523,-0.9907003218672994,-0.003931703818983171,-0.9905407863718939,0.18814753779769244,-1.0362994580250517,0.37556187371512856,-1.782032387050989
64,-0.028184880466230574,-0.9895675695839324,-0.004959347317971903,-0.9884444124747375,0.00920533768836967,-1.0094720867727567,-0.006073932433376252,-0.9874361914293263,0.7502906100946617,-0.9883127604078754,0.7189003848040707,-0.9895775955157656,0.015883761278583392,-0.990099515358768,0.002263938300372286,-0.9907150735044443,-0.03773568556137208,-1.0264813218691369,0.8755618737151285,-2.008254721516964
65,0.0014579762163326945,-0.9888541017695414,0.003575097741019653,-0.9896159509652086,0.008445648163424281,-0.9871385043050247,-0.0237726364788668,-0.9887039894370547,0.8373630059958772,-0.9887589870680549,0.5262299097502463,-0.9901300848598014,0.008176489785674743,-0.9898423953093655,0.006380527826515417,-0.9907073966351833,-0.16652897797088306,-1.0041638513420483,0.8010311792755724,-1.508254721516964
66,0.020458489239117934,-0.9896199572448793,0.002418440148778469,-0.990809966780271,-0.001006112467402804,-0.9798480348980657,-0.01696727397086706,-0.9885178509691221,0.3373630059958772,-0.9881711342419163,0.026229909750246305,-0.9906304394429197,-0.0071591091310259924,-0.9905907769740714,0.0030372028634222106,-0.9904741416528814,0.08404755650862805,-0.9818470148956715,0.30103117927557244,-1.5323857568473076
67,0.013840168821372501,-0.99026798841387,0.0009506342537903203,-0.9914115880538086,-0.00603720865555251,-1.0025434217817857,-0.00802393488148267,-0.990011092236871,0.3608902364733989,-0.9899980871931185,-0.34349987858450404,-0.9909554745047108,-0.007205616195981711,-0.9909586916085922,-0.0020941835304573364,-0.9904518473202021,0.15989152352893893,-1.0105503569087764,-0.07301230299068184,-1.4718412301067556
68,-0.0208395981218908,-0.9899895423412348,-7.682987270138386e-05,-0.9918327229452848,-0.002594530779834271,-1.008213260300996,0.00912943830885155,-0.9925869857401561,0.12106862427127843,-0.9897729874759046,-0.32122550719542287,-0.9914245656779302,0.00896359278687986,-0.9912773306085831,4.571257330613157e-05,-0.991126670930712,0.08056858064947316,-1.0397085478298151,0.42698769700931816,-1.7853420081414542
69,0.01273012071703786,-0.9904552420143176,-0.0007960547612455767,-0.9921275173693181,0.006893789214571466,-0.9937912023611731,-0.011041441849798604,-0.9916611284748608,0.3797473661900662,-0.9903305372938843,0.132490734194878,-0.9916609112459788,0.008950631310675118,-0.9919359932084959,0.0014576965370833679,-0.991745846301108,-0.18681563013165842,-1.010201242251088,0.5134921440447894,-1.3513683315275378
70,0.0242440137812428,-0.9899791813493471,-0.0012995121832265117,-0.9923338734661415,0.00747910439598124,-0.9824148158138921,-0.012640444319094234,-0.9909815846756456,0.6041567588480198,-0.9894153736706838,0.19811194668302234,-0.9914974902037522,0.001336983943100242,-0.9924691693135386,0.0011318406697882267,-0.9922542724457948,-0.13070287144570858,-0.9978997742175344,0.21753682994639978,-1.0675445226423506
71,-0.018017461479471072,-0.9917171246020061,1.7711900779381756e-05,-0.9925418502880852,0.003449953585789453,-0.9937288259339178,0.009196726533288142,-0.9919875778849865,1.0715068790347981,-0.9909188864444518,-0.007389774840408259,-0.9914528004973734,-0.003992569214202171,-0.9928423925870684,0.001094313174142564,-0.992798213007665,0.008883188315656043,-0.9957789322351536,0.3641609872405836,-1.5675445226423506
72,-0.013204117064926454,-0.9901434830382392,0.0009397687595835071,-0.9926874340634457,-0.003784511683948254,-1.0009992574686013,0.006406177375164199,-0.9924024376982316,1.0990463985851844,-0.9918696025767136,-0.14627510587901152,-0.992103032066272,0.00037930890651072594,-0.9928100041563169,0.0006610252490676027,-0.9931735878454376,0.09894070851240079,-0.9905358863039019,0.8641609872405835,-2.0675445226423506
73,-0.004924253474572326,-0.9896569790791258,0.0012010392352730256,-0.9931064403047839,0.0018693161967887261,-0.9909316444935151,0.001998568058704169,-0.9934173322101799,0.5990463985851844,-0.9918490158356594,-0.21306458928927602,-0.9928005778271157,0.0036456818718469098,-0.9931508671048441,0.0003577237015151297,-0.9934363502318785,0.031222935113825068,-0.9946143017246054,0.36416098724058354,-1.5675445226423506
74,0.010318367196138316,-0.9904448508603217,0.000607073942769511,-0.9935069095951936,0.006088456105575012,-0.9903969935710814,-0.0023948129470923955,-0.9941415831882872,0.09904639858518438,-0.9885628289139159,0.23535261066537033,-0.9935638381843571,0.004356482393365111,-0.993659744840103,0.0001454126182283986,-0.9936202839023871,-0.07441672630352272,-0.9963447397430091,0.032033724819558684,-1.0675445226423506
75,0.007240939880854483,-0.9917499834148096,-4.8272464765264605e-05,-0.9938580240490299,0.0024571971215201563,-0.9945798739668182,-0.002783251758959661,-0.9939619673354154,-0.06828350814844902,-0.9912379813141166,0.28094004780561904,-0.9922838648828568,0.004432152362116971,-0.993822117827628,-3.2051400723131444e-06,-0.9937490374717431,0.011771966602743586,-0.9967454008135619,-0.20453503216743543,-0.6467629141271393
76,0.0032279914938250116,-0.990299250118617,-0.0005070149500396075,-0.9941038041667153,-0.0013060942511040944,-0.9972629694978129,0.003726911093808525,-0.9933380007466359,-0.14183193584679632,-0.9942740311593887,-0.21905995219438096,-0.9930622314421961,-0.006506017459669554,-0.9927175330750178,-0.00013042954362981076,-0.9939692449967137,0.059678986116701055,-0.9962119589268712,0.17337601515457854,-0.8849193329724979
77,0.0003779448415961338,-0.9912829616368272,-0.0008281346897316476,-0.994275850249095,-0.0027881688476193434,-0.9920186456329212,0.001172804850351428,-0.9934655987285136,0.05608280599889298,-0.9931117757068759,-0.029397490497078904,-0.9917006547391751,-0.0010510507376671977,-0.9932072949999198,-0.0004780780124497438,-0.9942793105511827,0.08113043487836566,-0.99568962803498,0.05850138280991224,-1.3167528120214094
78,-0.0024785869256921085,-0.9955174852094021,-0.0006673261060790767,-0.9942286270300764,0.004518320852302948,-0.9924517746712783,-0.0013283377840661633,-0.9945410090668673,0.1890459607479487,-0.9935785657547014,0.14764928751420892,-0.9928508138401921,0.003210707840859945,-0.9937064800059977,-0.0007214319406236969,-0.994496356439311,-0.04585968280024402,-0.9946004576520115,-0.04463529470045505,-1.3786243848701465
79,-0.003269666660752881,-0.9977578110721331,-0.0003829985731093192,-0.9942200400710302,0.005548922579356512,-0.9963918624702278,-0.0027613774719191463,-0.9952034169380564,-0.05269743357828033,-0.994004915122272,0.04940748479654307,-0.9940234385387267,0.003927169068652463,-0.9941618861771636,-0.0005596419610077541,-0.9944341182921901,-0.11975882733680226,-0.9947637671572214,-0.04629678356295637,-0.8786243848701465
80,-0.002529897044021429,-0.9947689636929945,-0.00036895776798003904,-0.9942374692113737,-0.0009700154836988564,-0.9961429628671715,0.00024386892352336537,-0.9949189149174823,-0.18875949247742865,-0.994690046752779,-0.07035979802938158,-0.9941038194727763,-0.002578697533311392,-0.9944262682863567,-0.0004463889752765941,-0.9943905515892054,-0.0353757235860675,-0.9958822808761773,0.07484629118408946,-0.853042444152348
81,0.000148804818863554,-0.9927829669924398,0.0001638387949116958,-0.9946886255579642,-0.004539853029279643,-0.9959488025063286,0.0023475414003331233,-0.9947197635030804,0.03417989722164114,-0.9943310820361034,-0.023269395644310603,-0.9942612194224596,-0.005653843568961307,-0.9936583799965077,-0.00024299228390311676,-0.9949541510313334,0.05733342571143012,-0.9961514409302253,0.130324119429637,-1.1099740113900969
82,0.001479740102887545,-0.9919339980329116,6.18020271761421e-05,-0.9951023385949084,-0.001497781555085423,-0.9950315986142186,-0.0010893287487239523,-0.9947537469953769,0.14438285234103992,-0.994940644697061,0.04059317950484739,-0.9913034834978179,-0.0032692594239928435,-0.9942519239151923,-0.00010061459994168263,-0.9953486706408231,0.08173320477038838,-0.9943271400106527,0.061086487602850015,-1.220913976337195
83,0.00091022003428373,-0.9930524961757535,-9.623710238745474e-06,-0.9953919377207693,0.0006707402067105215,-0.9944778336578608,-0.0009929848915491983,-0.9948904231592139,0.10784005269801902,-0.9952848765812725,0.05552540613317508,-0.9934601640374012,0.0009113169286806017,-0.9945830779830025,5.339105299774309e-06,-0.99541702613271,0.029762944496937692,-0.9949505042627014,-0.07981237952521036,-0.9837983289723419
84,0.0004906233217450719,-0.9961638531806163,-2.0127978193760312e-05,-0.9953248614012167,0.0019656312144383206,-0.9948328524432443,0.0004581091119527838,-0.995207844144892,-0.0405675601027011,-0.9950004466644691,0.003514501625704103,-0.9936500192311919,0.0031977062417913975,-0.9955157046865831,6.535184108676727e-05,-0.9948038332551872,-0.06799819408064886,-0.9962177494278525,-0.1264235541343372,-0.8344949708273942
85,-0.0001518418424336233,-0.9981641687715079,0.00014136935140234965,-0.9948859227566521,0.00206814469010581,-0.9953190378785929,0.001042773951824331,-0.9951155313573976,-0.029845577613442878,-0.9942813700713171,-0.03647902008054312,-0.9940720218519925,-0.0016561320910340226,-0.9946118245554654,0.0001056071023357859,-0.9943795844318096,-0.009340703792478956,-0.9957594185760841,0.11211146827610277,-0.81168404707344
86,0.0002671562176269517,-0.9950723085079595,0.00016289383411219034,-0.9947851549952182,0.0006434680614639651,-0.994386499494228,0.000607116810913864,-0.9948800190843167,-0.007865859650765146,-0.9943939791911619,0.01502393912095605,-0.9952398158778789,-0.0036152801272050904,-0.9946070179990406,6.50513777489655e-05,-0.9947020448060833,0.05129013247013479,-0.9948030434511651,0.10315544346589532,-1.1042488706977838
87,0.000496128398600081,-0.9929382233205972,9.035251031985685e-05,-0.9953950619967324,-0.0005931816757950167,-0.9945183135527426,9.376166848176553e-05,-0.9949181585568502,0.011380450925556038,-0.9950749124569523,0.03046464347957277,-0.9956138736951599,0.0029549698449133355,-0.9949528922322314,3.574996438175487e-05,-0.9952128205450989,0.05271791274649438,-0.9942610303837535,0.002748092216698958,-1.1225357659819704
88,0.00013645834994987583,-0.9957677593737104,3.995614994371677e-06,-0.9955907591079637,-0.0008869729035163588,-0.9950209927259316,-0.0002655869312207034,-0.9949448561876236,-0.015561303945161975,-0.9951834160625631,-0.014261227040261872,-0.9938089173344948,0.005286927193679901,-0.9947222443677918,0.00012109332616190285,-0.9948697833917856,-0.02368194987401536,-0.9955520634915165,-0.043815222759454944,-0.9386695078306271
89,-6.715946070614279e-05,-0.9970306997888464,0.00013508852438962992,-0.9946107392064386,-0.0006235556854084709,-0.9948569331588162,-0.00022923819404098954,-0.9949203564277359,-0.016485414390817972,-0.9940280521335766,-0.024425808491180385,-0.9929841230436153,-0.00278626762339521,-0.994591318543822,0.0001455588434061863,-0.9946586351501137,-0.03141861855057378,-0.9962827449608568,-0.06595537993546756,-0.8852483766913246
90,0.00017957882641746317,-0.9945711628944816,0.00018915612367591326,-0.9943716672945742,-0.00018909222309632383,-0.9947925301370243,0.00020266914072665802,-0.9948983449311815,-0.0024449929712775445,-0.9942472969060894,-0.008470866855893159,-0.9939369974085676,-0.0020945397941046036,-0.994504155875192,0.00011914688576024724,-0.9950056420545722,0.019666396173908418,-0.9965831176359772,0.041563603229056154,-1.0184238040817113
91,0.00041017917184745466,-0.9930960134613149,0.00012647160620215853,-0.9953574491622237,0.0002954972586387597,-0.9948927820387862,0.0004254483763522128,-0.9949129845815751,0.00825574829320097,-0.9944068845657268,0.016969144337496737,-0.9951396976578798,0.0030263700097626954,-0.9946448016578547,8.83557248089768e-05,-0.9952400778165827,0.03543816211243368,-0.9943396455644302,0.10405403781958554,-1.1003065262297225
92,0.00025639945295891445,-0.9940035276595235,3.8571812320761973e-05,-0.9955595826489294,0.00036981935346633543,-0.9948505524429371,0.00028680470786190753,-0.9949268145234071,-0.0010486235179991508,-0.995097006081663,0.026569414450602846,-0.9950599201250813,0.0036014790371636024,-0.9950804951904506,0.0001127482157976936,-0.9948808980010686,-0.009248582874130246,-0.9947140707758894,0.08791604857363089,-1.0058942689118064
93,-6.443954128956754e-05,-0.9960945784462667,5.2412996077273715e-05,-0.9943320870183316,-0.00012628465667602074,-0.9948512469901544,-6.97555369146395e-05,-0.99491885526531,-0.007040705589000565,-0.9954440225246322,0.02268080910043958,-0.993620500141385,-0.0015950690640632098,-0.9949905016173032,0.0001355158744419089,-0.9946583718801625,-0.03189477596857613,-0.9952159714250352,-0.003575627022907063,-0.9321054113478114
94,-9.511299717514479e-05,-0.99599702851593,-4.663854709391938e-05,-0.99438197537742,-0.0004609027757899877,-0.9949064716838476,-0.0003193477082582224,-0.994913283784642,0.004188900676425581,-0.9953888228204385,-0.027219179206385846,-0.9937052778668036,-0.004554981438598127,-0.9948929537514802,6.190394721867514e-05,-0.9950017225306855,-0.00759510782833666,-0.9956069713664318,-0.047951740103427475,-0.9701509949301589
95,0.00012673310798162738,-0.9950950996229553,2.7979669977493315e-05,-0.9955171894473654,-0.0004040347318114775,-0.9949492552226583,0.0002919238902351385,-0.9950328671097565,0.010155021737472573,-0.9950318772232796,-0.0500218295043737,-0.9938813650622582,0.0038034188945986593,-0.9945203526282331,1.0375598162411518e-05,-0.9952420679860516,0.018211272146953728,-0.9953886360274242,0.009677323191780204,-1.0520166321470379
96,0.0002455964398126827,-0.9944515810507364,0.00015614850043768163,-0.9954536628486624,0.0005831481903436247,-0.9949202525254143,0.0004910331172385415,-0.9950406770682629,0.007026494548894324,-0.9948004887980438,0.045108401924886424,-0.9946526249243421,0.00453884452433918,-0.9943212762478715,7.885013781273054e-05,-0.9950649487252575,0.005994136780150379,-0.9948118616109569,0.08592652088245753,-1.0555145959710583
97,4.851872461186701e-05,-0.9945890352916146,0.00018606470228623524,-0.994832738700625,0.00037440526602301396,-0.9949324611927517,-0.00020769305025870508,-0.9949893148476217,-0.015227725243066044,-0.9950735683118231,0.052353707431096234,-0.9947099891784997,-0.001221438055367681,-0.9949725460313877,0.000114484082625733,-0.9948886941257278,-0.010688447159468276,-0.9944965055377833,0.02208426375347232,-0.9792391059671703
98,-1.8989064659152277e-05,-0.9953536355440352,0.0001747029679112488,-0.99489226508244,-0.00022654768188097308,-0.9949986890910844,-0.00016880660893609807,-0.9949563757674138,-0.02361228793499196,-0.9952021916541888,0.002696318632614894,-0.9945434163175668,-0.003187029356631007,-0.995108485696301,9.12372139890133e-05,-0.9950415021730061,-0.011542345150182324,-0.9953974619909667,-0.04103081141194624,-0.947438190095855
99,-5.008065508603125e-06,-0.9953436549920244,4.709864758853648e-06,-0.9951407092293479,-0.0004749789909625799,-0.9950374697082917,0.00015087888525849944,-0.994927186502607,0.011571145605997625,-0.9949791727609364,-0.033379697108220065,-0.9949591494815239,0.004097968115316536,-0.9950542632637771,2.646279601048495e-05,-0.995077993175673,-0.004940089055452771,-0.9953789668215361,-0.025869217925422072,-0.9783338711978041
100,0.0001173818862089904,-0.9950861265536128,-5.0308524610261604e-05,-0.995125843166016,-5.7674627069819265e-05,-0.9949537036276563,6.54493573478964e-05,-0.9949087505153175,0.024931072125920495,-0.9949827001259535,-0.014015855608542956,-0.9952465533583434,0.00602521761310605,-0.9943649232460324,4.096773346091324e-05,-0.9949974071181712,0.00029870013502360845,-0.9948578304763153,0.020159326429267183,-1.0131386270720968
101,0.0001904786928388206,-0.9947980569918304,3.3546250551804226e-05,-0.9949714173958073,0.00034466830129028034,-0.994910622450219,-3.3497705202290885e-05,-0.995024118942527,0.017296541104103124,-0.9950259366969917,0.013418267968802848,-0.9945320705009448,0.00013821547779478607,-0.9949353899219339,5.112118967621304e-05,-0.9949409968779199,0.0039340016093162445,-0.9946221694381313,0.04655400397687441,-1.0208464139723477
102,0.00016430077007638033,-0.9951500763812748,9.22445931652503e-05,-0.9948633193566612,0.0003059899615766373,-0.9949906706234807,-3.557400590517069e-05,-0.9950712494788647,-0.004193131614428306,-0.9951226607532949,0.0024144959614927648,-0.994457784400277,-0.0040242940356718295,-0.9953374184004763,3.4394560871284376e-05,-0.9949295019885324,-0.0008659141980566854,-0.9950245198642388,0.03516300071745632,-0.9856080672291831
103,0.00010149382637058421,-0.9951950933356932,7.703817297688301e-05,-0.9949095569046724,0.00016838613691554422,-0.9950110237849884,-9.655825866344335e-07,-0.9950354156906119,-0.013529768554592498,-0.995005198734705,-0.006669974711705084,-0.9949710578962657,-0.0006533184326926096,-0.9949337012127374,2.1699808300725496e-05,-0.9949548940629367,-0.0020361854348623755,-0.9951355316218677,-0.023524378451502008,-0.9557046947716428
104,-3.944502836179429e-05,-0.9948643206478536,1.9017414645826366e-05,-0.995006992312795,-0.00025892089906478415,-0.9949254058644379,1.4924884666491997e-05,-0.9949591875813968,-0.007273230824012972,-0.9949585527109155,-0.0017268380509519628,-0.9950820383812456,0.0020777465366988487,-0.9946629861469922,1.2813481501334278e-05,-0.9949726685150198,0.001929504953939975,-0.9948127837019269,-0.02882173109352664,-0.9666497918820223
105,-7.793773633785241e-05,-0.9947429022273734,-1.727312239284273e-05,-0.9950006397415145,-0.0002777240516087914,-0.9949103152971325,2.6048211743680497e-05,-0.9949058279049462,0.002928138132979103,-0.9949711173745506,0.002320859856867338,-0.995015076421001,0.0008695977877376437,-0.9949341732704887,6.8342793044187335e-06,-0.9949702689162006,0.0023109226317011788,-0.9947602531696249,0.04653971367858429,-1.0135235106179592
106,-2.196775508639516e-05,-0.9949596553508603,1.771893756961937e-05,-0.9949625874945893,7.506449697460395e-05,-0.9950043741758391,1.6374122942610766e-05,-0.9949600253511094,0.007480080690533199,-0.994994950089028,0.0015611892950108575,-0.9949554709222976,-0.0011041338079022598,-0.9951371491412219,2.6488377665778526e-06,-0.9949685891970271,-0.002518629477104513,-0.9949874611313474,0.02153926913562325,-1.0093996007930044
107,4.2167099497211364e-05,-0.9951164833310855,4.154910032614161e-05,-0.9949426979501439,0.00014495611008529362,-0.9950522497930618,7.145630514870041e-06,-0.9950019311444219,-0.007455065154110266,-0.9951383274244394,0.0006904645389480676,-0.994931134839955,-0.0002153165853987643,-0.9951918989362263,-2.8097130991076407e-07,-0.9949674133936057,-0.001300745105261983,-0.9949616240093888,-0.025064924974769365,-1.005435059510797
108,-1.1789807283096354e-05,-0.9949491139210338,2.2602869217826484e-05,-0.9949809969142197,-3.4112265771338464e-05,-0.9948535142116451,9.361325212884502e-06,-0.9949790530069641,-0.011810842698649725,-0.9952086532267891,-0.0006063142709115082,-0.9949495967878764,0.0010747516033380014,-0.9949175396250242,-2.3318376634527956e-06,-0.9949665903312107,0.002115222495738896,-0.9948016576938832,-0.006859317659938309,-1.0026330545584745
109,-4.7272020411532515e-05,-0.9948333221135383,-1.998308106945417e-05,-0.9950022565320636,-0.00014212165682891828,-0.9949213240156224,1.0637994241670857e-05,-0.9949298085685501,0.009810042772091325,-0.995035967630831,-0.00148138799065583,-0.994983692888117,0.0003896784235491341,-0.9947843870321861,-3.7674441109322176e-06,-0.9949660141875342,0.0035904633937010495,-0.9947648747421051,0.010310168430192612,-0.9937136034197283
110,2.0676573495120272e-05,-0.9949822676991605,-1.821368803946535e-05,-0.9949850222188843,4.516765209743753e-05,-0.9950144504273477,1.0637643131644376e-05,-0.9949459351065011,0.012384178615164956,-0.9949072022955251,-0.001042672920200786,-0.9949448264673738,-0.000490603783858424,-0.9948182905248679,-4.772368624167812e-06,-0.9949656108869607,-0.0029123698940988364,-0.9949137752353971,0.002832959051970124,-0.9968775795442438
111,2.502389759709991e-05,-0.9950627352839223,2.8040730565408444e-05,-0.9949612598339959,1.3540956747210071e-05,-0.9949925628226467,-7.948599928881647e-06,-0.9949835236090878,-0.006985199425828547,-0.9950437419859484,0.0007911703356005004,-0.9949320250939788,-0.0003584098827515011,-0.9950524283232249,-3.4054093386812214e-06,-0.9949655407393128,-0.003006615708679401,-0.9949789814220158,-0.005253189336665609,-0.9977159358414238
112,-2.5333766955574214e-06,-0.9948933553959426,3.6597876765188184e-05,-0.9949511382198114,-1.3003930865575404e-05,-0.9949465760260554,1.186148640567982e-05,-0.9950003034971657,-0.00998058265134249,-0.9951274633850521,0.0013064073158634976,-0.9949623787111805,0.0002515642043522993,-0.9949968941602416,-2.4485378388406075e-06,-0.9949654916359593,-0.0006592847790371802,-0.9948615971860854,0.005587525533490992,-0.9969465415491087
113,-3.3196007281492356e-05,-0.9948605742149946,1.8305994389147462e-06,-0.9949559551821352,-2.276817304696075e-05,-0.9949221549609351,7.107358842668519e-06,-0.9949490439803544,0.002135549295292761,-0.995095680237583,0.0007498017218071865,-0.9949851980111319,0.0005807282959221429,-0.9949263699412243,-1.778727788952178e-06,-0.9949654572636119,0.0030665777186266435,-0.9948004187054297,0.008997799153517701,-0.9942387359791737
114,-1.3675045107747331e-05,-0.994909388784955,-2.250649468947666e-05,-0.9949593270557618,-1.368385960077382e-05,-0.9949713762576079,2.880783613894611e-09,-0.9949194785022063,0.007302114430226409,-0.9949615334736982,-0.0015359614242255884,-0.9949642014608548,7.948582246921309e-05,-0.9948930393763704,3.733065058204556e-06,-0.9949600060629292,0.002723445872954575,-0.9948192699085319,0.005853784582729853,-0.9953218227017144
115,2.827986951575423e-06,-0.9950318468126976,-9.890720217192902e-06,-0.9949591464624964,1.4577226885267717e-05,-0.9949756859089929,1.705476560142644e-06,-0.9949212554102339,-0.006118977657970657,-0.9948988340738325,-0.00173111604379349,-0.9949423333607756,-0.00037893910585980227,-0.9949558337831672,6.188148467531341e-06,-0.9949552353801989,-0.002824813486353442,-0.9950024967904538,-7.967783452773707e-05,-0.9972265222835647
116,1.212199012503681e-05,-0.9949985669325315,2.8816990268516144e-05,-0.9949514435594898,2.691601402041492e-05,-0.9949389749943394,7.784442641066557e-06,-0.9949529858489302,-0.009273988168554254,-0.99511691476792,0.0007298316680472566,-0.9949420518055511,0.0002749273947904653,-0.9949724291008578,-5.596179011694474e-07,-0.9949573944345909,-0.0003305241973409483,-0.9950398097014712,-0.004202043528741268,-0.9975010222188465
117,-1.9893975360526694e-05,-0.9949135032647892,3.706819088563483e-07,-0.9949535590453494,-1.3188956708764724e-05,-0.9949436304272026,5.118331531060926e-06,-0.9949774472106429,0.008270793881767258,-0.9952573257737687,6.398634287088135e-05,-0.9949512863721046,0.00027309893026821944,-0.9949037568399481,-5.283054359259999e-06,-0.9949589057726652,0.0019503729681636856,-0.9948726189439383,-0.0031594326113234005,-0.9961193323796753
118,-2.9449610317890507e-05,-0.994914443125096,-1.9085358325980342e-05,-0.9949603435035265,-2.7440561665992844e-05,-0.9949643589532817,-3.464519100069056e-06,-0.9949816942441829,0.010546290430623021,-0.9947647535042747,-0.0004402029164798356,-0.9949629563667888,6.733628643977081e-05,-0.9948890364975448,1.240760758173742e-06,-0.9949597701622258,0.0019318070315783864,-0.9947507424625014,0.005530408603525605,-0.9953067949659739
119,-8.763980680871691e-06,-0.9949486587605061,-9.43659612890971e-06,-0.9949613547138867,-2.3062656505086033e-05,-0.9949592638506484,3.382988992673345e-06,-0.9949482877604325,0.0014322665533921235,-0.9948999749972773,0.00025654039480328607,-0.9949661442514749,-0.00013482299250340573,-0.9948843275177535,3.230803145025833e-06,-0.9949556288282104,0.001163419994867978,-0.9949602891652424,0.008044518298968132,-0.9957971871644248
120,1.5339198142044652e-05,-0.9949788321260522,9.215881256387473e-06,-0.9949561007987958,1.3602163530044472e-05,-0.9949392099097831,7.048198864316998e-06,-0.994925659339129,-0.00620511445210768,-0.9951618219527227,0.0003434237418450799,-0.9949504827311656,0.00011692417093882063,-0.9948897091532504,1.0924870830199162e-07,-0.9949565929623034,-0.0008996107958397529,-0.9950461425787154,-0.005392932550710107,-0.9962647888722637
121,4.389016739524856e-06,-0.9949625327931527,2.861006613866964e-06,-0.994952820187015,2.9621547944911927e-05,-0.9949501518647236,-5.028468522475469e-07,-0.994959345892196,-0.0032577626700578716,-0.9950456108603712,-0.0001347474652100165,-0.9949483440110992,0.00019612983486605432,-0.9949252629450857,-2.5052873437940526e-06,-0.9949580349941598,-0.0016012025466652872,-0.9950735018452435,-0.008660419459893261,-0.9962493453241826
122,-5.565698885241598e-06,-0.9949492940318897,-7.069835165225222e-06,-0.9949604899656145,2.3161583436553844e-05,-0.9949640246610798,-5.788578853842728e-06,-0.9949829264793429,-0.0005751543920718008,-0.9948966531845023,-0.00019053574309853475,-0.9949509702635521,-5.145084163548223e-05,-0.99495526138129,-6.11028087730501e-07,-0.9949601084662579,0.0009225855102971501,-0.9948278947470317,0.010826769824799277,-0.9962417003387996
123,-7.767035604231503e-06,-0.9949581800019176,-4.502567347255819e-06,-0.9949600093968762,-2.6483632155480903e-05,-0.9949675225040908,2.6955687913807447e-06,-0.9949664717033244,0.002079819068121893,-0.9948530555925745,0.00022494618703108283,-0.9949623662606544,-0.00016252412358823073,-0.9949781014718816,8.112912679604146e-07,-0.9949587645988391,0.0011453761768174175,-0.9948090528049494,0.0120823151876012,-0.996502768533186
124,-4.493921983191122e-07,-0.9949683400687233,6.074696893379876e-06,-0.994957698333687,-3.671329434940251e-05,-0.9949360473698498,5.150706628060559e-06,-0.9949430368822636,-0.0005731656630941087,-0.9949170604908347,0.00010734639013109786,-0.994958830507186,9.083922673507576e-05,-0.9949671073459139,1.8069148169440555e-06,-0.994957823891646,0.0007924922056495916,-0.9949042693673766,-0.003276428211889634,-0.9956445285104939
125,9.293527671369978e-06,-0.9949678009737098,4.146935023391964e-06,-0.9949562562023514,6.476770688741853e-06,-0.9949471234587631,-9.11411163554125e-07,-0.9949520349311214,-0.0020455243309474664,-0.9949673898653005,-9.268632752908198e-05,-0.9949546157604076,0.0002063553185222227,-0.994953129526824,1.3325620147334278e-06,-0.9949576406250783,-5.439164001074415e-05,-0.994984886590304,-0.011977543174462047,-0.9966978353201508
126,6.515063612673659e-06,-0.9949545993889283,-2.387053465326293e-06,-0.9949574629921601,3.4160129202981245e-05,-0.9949664655970758,-2.870248423524003e-06,-0.994968960365103,0.0005281124949332557,-0.9949410863355777,-1.641358079321736e-05,-0.9949520673302884,-0.0001374750545777611,-0.9949471367061152,1.8928721304319712e-07,-0.9949586116459311,-0.0006112869879954285,-0.9950111699354346,0.008294603566279582,-0.9953360694794593
127,3.4310652073104056e-06,-0.9949512763863884,-6.662939929279505e-06,-0.9949589205237275,1.4087508218803236e-05,-0.9949520138956633,-6.903241434199123e-07,-0.9949760054308587,0.002118229834269425,-0.9949399428325442,4.46455320718931e-05,-0.9949581552743281,-0.000159793644512309,-0.9949548365586518,-6.110051481399644e-07,-0.9949592913605282,2.9451761384127403e-06,-0.9949714754920577,0.006800923536319251,-0.9961211390192887
128,4.927260100529388e-07,-0.9949661994310895,2.5358730766563513e-07,-0.9949586763097591,-1.3161394553918913e-06,-0.9949408653494145,1.4612623017359533e-06,-0.9949599147094661,5.088805920065243e-05,-0.9949591236223089,4.6781431663767656e-05,-0.994958972112549,-1.454330390808587e-06,-0.9949604608283982,6.629614574469565e-07,-0.9949590890609427,0.0004314157522966514,-0.994930024133472,-0.003678147742873444,-0.9960055538174976
129,3.098797165393769e-09,-0.9949685173788908,5.0355575566278245e-06,-0.9949584797394114,-6.349570846772351e-06,-0.9949568712547012,1.2782680574281747e-06,-0.9949481290760295,-0.0014298373602990495,-0.994972210101681,-3.651334205222034e-05,-0.9949512396453531,0.00011051446737374105,-0.9949634929109855,9.638145266225423e-07,-0.9949583097152132,-0.00013609788672060705,-0.9949765419061698,-0.007852664156891996,-0.9969795366343455
130,3.3469589390051717e-06,-0.9949522035094663,1.93465894993772e-06,-0.9949584555555397,-4.2659854083151e-06,-0.9949700296633748,-3.2871987915279387e-07,-0.9949571745053726,-0.00020221724678538594,-0.9949631105199945,-5.954040810302441e-05,-0.9949552831385035,-1.277707955792816e-05,-0.9949576275769488,3.779274990061929e-07,-0.9949582967446177,-0.0004149416449948639,-0.9949861372762789,-0.004355549143482094,-0.9976037271245569
131,3.842232739206633e-06,-0.9949582949557958,-2.7780648432374134e-06,-0.9949585802499458,-1.6808043209882228e-06,-0.9949606031700168,-1.0214255081367902e-06,-0.9949658861282107,0.0009282079007276415,-0.994956485025921,3.405747424963474e-05,-0.9949564031481625,-9.216726304258728e-05,-0.9949543170990075,-3.5364817845178975e-07,-0.9949585105335597,2.594254674277702e-05,-0.994966415812347,0.005173737562750836,-0.9971314045474959
132,1.0799825741332513e-06,-0.9949629147500332,-2.5001337351906134e-06,-0.9949587899796527,8.008441845218996e-07,-0.994953443750972,-1.1190142805095093e-06,-0.9949710666127011,-0.00041841294874974907,-0.9949554724084435,5.806199378356283e-05,-0.9949560841290954,-0.00013364978915525206,-0.9949572783104188,-6.400402435210231e-08,-0.9949589007881745,0.00029532390918710836,-0.9949519642252146,0.006461160846125304,-0.9968995593866694
133,8.42521325540946e-07,-0.9949611584590526,1.925974846272636e-06,-0.9949586950423096,7.624072742456367e-07,-0.9949557065477923,2.1894076887996072e-07,-0.9949601202872203,-0.00044044354434900207,-0.9949577100202287,-1.8350769526523977e-05,-0.9949547109432775,-6.731885017013451e-06,-0.9949621211669983,3.573276029038092e-07,-0.9949589124879447,-0.00014644402705317694,-0.9949587255611,-0.003518120901169092,-0.9957771992640306
134,-1.852679778058801e-07,-0.9949590058995846,3.019071478702586e-06,-0.9949585914728745,1.351149883308979e-07,-0.9949592770592317,1.0005432776220548e-06,-0.9949515024481349,0.0006232256632962682,-0.9949607468510843,-6.344905750117591e-05,-0.9949519776244182,9.77284253879274e-05,-0.9949602469204705,2.7104657818136935e-07,-0.9949583723436802,-0.00032608064891885867,-0.9949781765258717,-0.005553708160859507,-0.9947509277551657
135,-6.893880249720865e-07,-0.9949570070976502,-1.2133672499705081e-06,-0.9949586042681156,-2.923352026389669e-07,-0.9949611245672705,-1.1238180415606056e-06,-0.9949507008608783,1.2343985245372646e-05,-0.9949604759424827,1.5381018629922834e-05,-0.9949581510643078,2.722779993758735e-05,-0.9949581901349893,1.0553020961977399e-07,-0.9949583793848632,-0.00012597758684315354,-0.9949835942061196,0.0001465546518028618,-0.9976804485796686
136,-1.658009700534879e-07,-0.9949576759395647,-2.003145477194583e-06,-0.9949587054657244,-1.4684201474554798e-07,-0.9949589734809919,-1.373242464864393e-06,-0.9949589502013411,-0.000424575871600444,-0.9949592066442702,6.568522503204673e-05,-0.9949625860841629,-8.970714578470734e-05,-0.994956875619482,9.050976117747381e-08,-0.9949588311949187,0.0002125417366992969,-0.9949655538515616,0.004044563319304427,-0.997001503244765
137,4.816774616907156e-07,-0.9949608879802021,4.286160611390851e-07,-0.9949586669567628,3.8223848450511663e-07,-0.9949571514177544,-3.487705397082209e-07,-0.9949644751103771,-0.00021616922771561134,-0.9949586401649166,6.653265216886662e-05,-0.994958352321891,-9.770674059711733e-05,-0.9949592843612535,2.3540342745408128e-07,-0.9949589513333825,0.00011343386099194462,-0.9949570675773833,0.005361999880633658,-0.9952432964310586
138,2.1343524817143185e-07,-0.9949606379036467,1.7287853964672797e-06,-0.9949586431695795,6.158266520168551e-07,-0.9949584374033021,3.468842066697264e-07,-0.9949602463589069,0.00019800578302292597,-0.9949603838348032,-1.9719194417470884e-06,-0.9949551418621263,-3.43521275226145e-05,-0.9949616607580645,3.1074842323631605e-07,-0.9949584576608461,2.0256647008316976e-06,-0.9949537952172589,0.0027802378696746262,-0.995022498713272
139,-4.61510958479018e-07,-0.9949597768802907,1.8559851660861901e-06,-0.9949586010834952,-7.808775152146406e-09,-0.9949601390721745,6.258504656525906e-07,-0.994955714061323,0.0002855001176422493,-0.9949615068083969,-4.885174015843525e-05,-0.9949566841550205,2.5772756921842983e-05,-0.9949600087682609,1.7827528278353427e-07,-0.9949583546635254,-7.818993274973497e-05,-0.9949519125278787,-0.003572467689992802,-0.9960332863829124
140,-5.581409825506644e-07,-0.9949579357994311,-3.62398728596737e-07,-0.9949585915773318,-2.1195165332436823e-07,-0.9949586651506693,-8.230213971828695e-07,-0.994959952941017,-2.300875544569155e-05,-0.9949616493162112,-3.059247572413633e-05,-0.9949556884988597,2.477480790052076e-05,-0.9949572582154775,1.0663390101139761e-07,-0.994958894728898,-8.902726517914581e-05,-0.9949584232222736,7.393333822385689e-05,-0.9961873144278672
141,-4.567440364162306e-09,-0.9949583797323723,-7.481807772456577e-07,-0.99495870774482,-1.3988705420467905e-07,-0.9949575689712266,-1.1010293968624795e-06,-0.9949614863678916,-0.00018689180167986337,-0.9949601569221689,3.868380846188944e-05,-0.9949566162452667,-1.761091098066111e-05,-0.9949594893330264,2.0640682870394265e-07,-0.9949587138609031,6.175015384935879e-05,-0.994958809530347,0.002540895346375526,-0.9959957590436898
142,5.511699216080141e-07,-0.994958895004331,3.683861270361841e-07,-0.99495870931643,6.055066366450004e-08,-0.9949586178755048,-3.1373546454281764e-08,-0.9949599108816799,0.00011109763196585744,-0.9949592533418754,3.535303508873842e-06,-0.9949583345344291,-3.9320929347686775e-05,-0.9949611304933087,2.464824574281426e-07,-0.9949584464046137,5.658194766498826e-05,-0.9949550567104251,-0.0007069820718567741,-0.9954690773848869
143,3.0274049654323243e-07,-0.9949585259137756,8.785411584814314e-07,-0.9949586454197825,2.008570661729254e-07,-0.9949593521084995,4.7203481158457e-07,-0.9949575389682274,0.00019286889395489374,-0.9949589922055293,-2.4026391059538606e-05,-0.9949596987555435,-3.4534892867738205e-05,-0.9949596123699636,1.4505457964178546e-07,-0.9949584829838454,-2.736436512938245e-06,-0.9949559266291456,-0.0026340196854740382,-0.9944606301042128
144,-4.350749915450806e-07,-0.9949582480087966,2.2593366706095098e-07,-0.9949585953618726,1.0032129711708426e-07,-0.9949587214627111,-1.0753272065167288e-07,-0.9949590687605618,-1.8542354324310912e-05,-0.9949600147630698,1.3131810817894447e-06,-0.9949601946858327,3.228403928566689e-05,-0.9949578069822758,1.9301567849357458e-09,-0.9949586583435727,-4.334271856993912e-05,-0.9949584196668821,-0.00017675276700401116,-0.9947337475602134
145,-5.839450925124814e-07,-0.9949585370081049,-4.716828898899926e-07,-0.9949586281424082,-8.804735505221123e-09,-0.9949581488371048,-3.906588593519499e-07,-0.9949599672535557,-0.00012280226604352974,-0.9949589738731215,1.7667957336916486e-05,-0.9949590044424449,3.392848035461038e-05,-0.9949610058311248,-9.825693921485905e-08,-0.9949587810953818,-2.4050836841235395e-05,-0.9949590128392938,0.0017369810493687175,-0.9951741044085003
146,-2.9127981956945075e-07,-0.9949587224441837,4.0766354010771783e-07,-0.9949586572320416,-1.9784205496895755e-08,-0.9949580318758373,-1.8472302292058427e-07,-0.9949596297711105,-0.00016892783744180365,-0.9949595426546457,1.1788780538698443e-05,-0.9949593321826838,-1.563236134706384e-05,-0.9949606300917985,1.9859580498788247e-08,-0.9949588468318855,3.953806988065254e-05,-0.9949559181325178,0.0013224123947441608,-0.9952429441028455
147,4.997146826351523e-07,-0.9949588285345304,6.63931477439692e-07,-0.9949586087426328,3.8452903053682506e-08,-0.994958217488641,1.1307511644136803e-08,-0.9949587552140235,-7.036060211849762e-05,-0.9949594807610723,2.341101403582534e-06,-0.9949589343172224,-2.138472406586047e-05,-0.9949598540447315,8.298451275943386e-08,-0.9949587573373272,3.04351551009234e-05,-0.9949552687600103,0.00021299744436834196,-0.9951578545251759
148,3.9603432639872753e-07,-0.9949583207154482,7.194320220028837e-07,-0.9949585685973321,4.977440455064218e-08,-0.9949588721117805,1.466397187875142e-07,-0.9949580586453286,7.562435208963583e-05,-0.9949593112465921,-5.532222356433359e-06,-0.9949603250312309,-1.108395291846763e-05,-0.9949594300629085,1.1001489862426587e-08,-0.9949585524200433,1.5289003117505557e-06,-0.9949579340250047,-0.000998735239927637,-0.9947071341990442
149,-3.915954175332587e-07,-0.9949581595716608,-2.558943031678306e-07,-0.9949585895018851,6.295862967519104e-09,-0.9949592994662269,-4.701207901263828e-08,-0.994958853910518,8.87848188531729e-05,-0.9949593454433352,-4.509384414861195e-06,-0.9949608404989426,3.259480958875686e-06,-0.9949585458367537,-4.2302758930366954e-08,-0.99495857811568,-2.0285753465323346e-05,-0.9949602330352356,-0.00021116212199544964,-0.9945760393326353
150,-1.875910820799963e-07,-0.9949587778136635,-4.450434884204957e-07,-0.9949587006811329,-2.3660632723199183e-08,-0.9949586293590831,-1.2708692094294498e-07,-0.9949592011828349,-2.937141056706723e-05,-0.9949590877231566,4.874135837319824e-06,-0.9949602259033494,8.345602426535437e-06,-0.994958816448937,3.1847702869306585e-08,-0.9949587612430819,5.283948578247174e-06,-0.9949572603214475,0.00042110539438365026,-0.9949619820117759
151,2.0785250697446644e-07,-0.994959045140653,1.354142759780176e-07,-0.9949587428094512,-3.708672900803577e-08,-0.9949581988947677,-1.3375596942918984e-07,-0.9949590343386049,-2.9487351683964886e-05,-0.9949593575913698,7.21395714433652e-06,-0.9949576775396404,-7.495437705233666e-06,-0.9949590248559192,3.258394639113058e-08,-0.9949587980477697,1.6351866495574422e-05,-0.9949567702555914,-0.0005442149457486376,-0.9949941338050937
152,-9.681920534121819e-09,-0.9949584721611421,4.4578748383726967e-07,-0.9949587673975991,-3.382693391999928e-08,-0.9949582481809207,3.675563848979937e-08,-0.9949584717744365,4.373658547810984e-05,-0.9949599356445799,-1.635953113951753e-06,-0.9949580564447951,-9.749809932437196e-06,-0.994960230248037,-1.1826115173849393e-09,-0.9949586530109263,4.703916533941543e-06,-0.9949584497220004,-0.0005942661108889898,-0.9949183667626431
153,-1.524762523634789e-07,-0.9949581730772759,1.2455776784721723e-07,-0.9949587533323049,-2.0417819263142087e-08,-0.9949589999383026,1.2545596924083635e-07,-0.9949584476563245,5.344910928993036e-05,-0.994959290102137,-5.61945421776803e-06,-0.9949586335949715,-7.502631004423009e-06,-0.9949600189451363,-2.48192020533458e-08,-0.994958551485136,-7.151951464994757e-06,-0.9949592709676014,-4.251010035052037e-06,-0.9948379130875709
154,-9.983861163808947e-08,-0.994958190828157,-1.6031572772875375e-07,-0.9949586375611245,4.690785802249855e-09,-0.9949592202799489,-6.290942908196073e-08,-0.9949587837547674,-1.3865053206732494e-05,-0.9949586166952169,-3.0917646276800314e-06,-0.9949582525792561,7.0986367275380845e-06,-0.9949599184012984,3.5834183412567108e-09,-0.994958589383597,-8.109205270965986e-06,-0.9949574039933629,0.00041212822509053795,-0.9948785302267992
155,5.457476555837716e-08,-0.9949587008065406,-2.074629874722774e-07,-0.9949585573959391,-4.367148444254242e-09,-0.9949585287219568,-8.353946575588786e-08,-0.9949589986371039,-3.505313516050477e-05,-0.9949586874419613,1.1336127832534305e-06,-0.9949581634902082,7.161506637099637e-06,-0.9949587756374327,1.2248603522079927e-08,-0.9949586835464327,-5.0985187551630995e-06,-0.9949570121153072,-2.4383316348581174e-05,-0.9949274942358054
156,1.4562711534255755e-07,-0.9949590342475111,-1.5179422939107204e-08,-0.9949586177841299,-9.782802156497106e-09,-0.9949581411197942,9.61146217091975e-08,-0.9949588964661182,-2.952463435402488e-05,-0.9949609534185814,3.8081685361663395e-06,-0.9949587026213821,-5.581871876560958e-07,-0.9949601765732822,-6.009230770491791e-09,-0.9949586854830689,4.3742260079815346e-06,-0.9949588138720762,-0.0003139843478887449,-0.9949679469402913
157,1.4619041322276046e-07,-0.9949583583451306,1.2702747321863486e-07,-0.9949586875490642,-2.3406209574455014e-08,-0.9949585605985053,4.652391871608367e-08,-0.994958644784116,3.527104997308817e-05,-0.9949604822904985,2.988888410844753e-07,-0.9949590305722037,-5.808609610214541e-06,-0.9949607547908564,-1.1841773572088645e-08,-0.994958629887308,1.6778184396163875e-06,-0.9949597583573968,-9.981979708073742e-05,-0.9949353990770643
158,-5.770126076376512e-08,-0.9949580580640082,9.071793699586635e-08,-0.9949586632041807,-1.856047083388828e-08,-0.9949589709010732,-9.00342454884922e-09,-0.9949584500387865,1.0712858927264144e-05,-0.9949589642669783,-2.374384213456163e-06,-0.994958812860184,-2.8083680162207284e-06,-0.9949596124611658,-1.592455353320644e-08,-0.9949585909702754,-4.352250597250725e-07,-0.9949585665113544,0.00023871520527348774,-0.9949052064844436
159,-7.972131975881925e-08,-0.9949581999618483,-4.13021258733676e-08,-0.9949586239987096,-1.5000445871193793e-08,-0.9949589850842001,-2.48823400738947e-08,-0.9949585652793711,-1.900504296620747e-05,-0.9949574396289353,1.6175081370902467e-07,-0.9949586753043592,1.936724285089753e-06,-0.9949592222515856,-8.686382758139573e-09,-0.9949586227801065,-1.4315117895155367e-06,-0.9949577585162479,-2.2454066441207827e-05,-0.9949076825560886
160,4.082888481429833e-08,-0.994959101181639,-8.796855582788628e-08,-0.9949585939978131,-1.9971876144091453e-08,-0.9949583689689703,-1.565444103163467e-08,-0.9949587466150132,2.2637225585872794e-05,-0.9949581651346694,1.7268945070505558e-06,-0.9949585661696008,2.9487064269302824e-06,-0.9949593948868558,-9.19952088311089e-09,-0.9949586558045318,3.4811998010841043e-07,-0.9949587152068196,-0.0001849187261590656,-0.9949828635087854
161,8.477189067864192e-08,-0.9949590949768802,4.8343745437737416e-08,-0.9949585974459848,-2.5640596735326694e-08,-0.9949585132030774,7.200743985585028e-09,-0.9949586765980537,3.9401214247546256e-05,-0.9949598733257061,4.3973901874289647e-07,-0.9949585672709849,-4.899654396228938e-06,-0.9949596183363741,-1.4737008954671099e-08,-0.9949586445501403,1.2167154075472496e-06,-0.9949593210535818,0.00010745792719562425,-0.9949397835781992
162,-1.4127860992816755e-08,-0.9949588886764043,5.470258178792824e-08,-0.9949586424838189,-2.1104502175117775e-08,-0.9949587985099743,9.30019017675468e-09,-0.9949585647911943,2.3843883970217685e-05,-0.994959233226862,-1.2124107577298724e-06,-0.9949587858535003,-2.3304978215199584e-06,-0.9949592550851362,-1.7606050067026086e-08,-0.9949586121112273,3.0812627873304274e-07,-0.9949591253608348,0.00014321504768776536,-0.9948999301665306
163,4.574549667584999e-09,-0.9949585314121596,-3.799014565450759e-08,-0.9949586739198371,-1.0818223394444873e-08,-0.9949589140670675,-8.43169244083993e-09,-0.9949586176014368,-1.723549416988151e-05,-0.9949585241358816,-2.432027330960528e-07,-0.99495871839254,2.667789147016185e-06,-0.9949592335037298,-1.2909333136382122e-08,-0.994958616389057,-4.5928037432168e-07,-0.9949588277487713,4.836344247920288e-05,-0.9949313213391213
164,1.918577585761417e-08,-0.9949584731611982,-6.050984081747598e-08,-0.9949586081865671,-8.609647160744145e-09,-0.9949586485151813,-2.532522311765713e-08,-0.9949586560467304,1.6833488055670578e-05,-0.9949581947999114,1.135734247409968e-06,-0.9949585651247904,4.581291662238407e-06,-0.9949595087699512,-8.203740106602238e-09,-0.9949586294748618,5.071951943786668e-07,-0.9949583421186192,-8.639536203024e-05,-0.9949817558007806
165,5.581692496474866e-08,-0.9949585936377185,2.346253899935092e-08,-0.9949585798651773,-6.731136056681547e-09,-0.9949584431210565,2.815183561142153e-09,-0.9949586383753792,3.720118340262963e-05,-0.9949592952797978,1.18778141552478e-06,-0.9949584914978084,-4.3812128818855654e-06,-0.9949600945594854,-4.90982498575632e-09,-0.9949586386349252,3.95895640947739e-07,-0.9949583650352882,-1.7504493853758778e-05,-0.9949859762516161
166,7.476676504119835e-08,-0.994958689589296,3.744808818434678e-08,-0.9949586352614979,-7.081729462066834e-09,-0.9949586795512548,2.251346823630165e-08,-0.9949586260054334,-1.787528642803113e-05,-0.9949597671734282,-8.990757317868756e-07,-0.9949588056066234,-5.171825729567912e-06,-0.994959826512759,2.5278306405428434e-09,-0.9949586448945904,1.8818610848083928e-07,-0.9949589673138429,4.2522948578622976e-05,-0.994958449681389
167,6.763222601762108e-08,-0.9949586697978366,-2.414649547572311e-08,-0.9949586645823216,-2.116219810710774e-09,-0.9949588265886558,-5.176581877918455e-09,-0.994958626672264,-4.6646405336842846e-05,-0.9949579913355372,-2.0596715528426175e-06,-0.9949586874581089,3.007360254506132e-06,-0.9949594166141651,7.1002296817590945e-09,-0.9949586373321911,1.2099541018530755e-07,-0.9949592310921974,-2.1693048689143744e-05,-0.9949477346740224
168,-3.0438380207126396e-08,-0.994958605182192,-3.946578432294844e-08,-0.9949586559521327,1.919526878517962e-09,-0.9949586189307105,-1.4332189105618086e-08,-0.9949586404226162,2.839704707015203e-05,-0.9949576263849194,-2.188090484746551e-06,-0.9949585822725282,3.925276526131272e-06,-0.9949597633988686,5.511864792634007e-09,-0.994958632902809,2.0509563741034512e-07,-0.994958853099075,-5.449468997769285e-05,-0.9949553457092366
169,-7.646187537590395e-08,-0.9949585759005725,8.699995641885432e-09,-0.9949586148366025,-9.851163015398952e-11,-0.994958485585814,-1.1449221439193475e-08,-0.9949586492849358,5.339710774621864e-05,-0.9949587372100227,-2.694506488603011e-07,-0.9949585756487671,-4.184989230102749e-06,-0.9949592823469046,-2.589667644778014e-09,-0.9949586433162113,-8.83343847051244e-09,-0.9949583349028979,-2.8283476688972217e-05,-0.9949565842682975
170,-1.8842268324234713e-08,-0.9949586510975881,4.149152120254844e-08,-0.9949586035469344,-5.4131422004730895e-09,-0.994958472101058,2.1674789093207353e-08,-0.9949586422142914,7.36099951028042e-06,-0.9949594862298664,1.6301059949165513e-06,-0.994958712528597,-2.516231244664292e-06,-0.9949596191777023,-9.547398557556914e-09,-0.994958647129747,-2.11275329961155e-08,-0.9949582163090819,4.2249147833548525e-06,-0.9949529902843623
171,2.9789283863660645e-08,-0.9949586880234185,7.195727117303114e-09,-0.994958605354917,-4.769251998923919e-09,-0.994958863536253,2.6969966268207025e-08,-0.9949586318261383,-2.7790604314364327e-05,-0.9949590888259257,1.3228778993796093e-07,-0.9949587474540759,2.7803230232141266e-06,-0.9949594643594836,5.663137549549146e-09,-0.9949586429113846,2.316605426941519e-07,-0.9949588592268961,2.149664493394638e-05,-0.9949523002982722
172,-7.412462903063861e-09,-0.9949586894027334,-1.9734304210791283e-08,-0.9949586372903612,4.600580656490947e-09,-0.9949586499592393,-1.2379722251904276e-09,-0.9949586284920457,-3.13559367055709e-05,-0.9949591811741942,-9.083122250625193e-07,-0.9949586676692355,3.3479207339856845e-06,-0.994959530073825,7.185467571001653e-09,-0.9949586356705092,1.3909226596559437e-07,-0.9949589929332674,2.234842378032871e-05,-0.9949550218045567
173,-4.7593748899671256e-08,-0.9949586453764244,-3.41758959350141e-08,-0.9949586609219659,1.0010808616426783e-08,-0.9949584906815895,-1.5034562869393712e-08,-0.9949586346127481,-2.425804172047667e-05,-0.9949591259908926,-2.382448011772769e-07,-0.9949585930979438,5.925132976686627e-07,-0.9949599000933217,-1.6662101848377602e-09,-0.9949586353107643,3.442096000008259e-08,-0.9949587658528631,-1.5552383685293277e-05,-0.9949615686915915
174,-5.176275376010933e-09,-0.9949586137835448,-5.231921806654299e-09,-0.9949586626662519,2.1155376193080784e-10,-0.9949585093175097,1.6184477324567353e-08,-0.9949586439608445,9.747359133609282e-06,-0.9949593926616587,4.912814347658739e-07,-0.9949586694288389,-1.6545598317180958e-06,-0.9949586183921695,-3.6526293313147467e-09,-0.9949586374729443,-7.322936258182454e-08,-0.9949585061518438,-1.9444171040306595e-05,-0.9949537422152633
175,2.870474553373275e-08,-0.9949586287674521,2.81449735527798e-09,-0.9949586308176023,-5.611743223324406e-09,-0.9949588876017806,1.5192713106217376e-08,-0.9949586424606685,2.9645380323656694e-05,-0.994958950552501,3.314215096615626e-07,-0.9949586942718354,-5.453613919393194e-07,-0.9949595115762503,5.0590955886401805e-09,-0.9949586369780045,-5.57727295043e-08,-0.994958521580865,1.5787532761026836e-05,-0.9949502518617912
176,4.314431098402114e-09,-0.9949586599597737,8.44751152168824e-09,-0.9949586144608306,1.644132512627974e-09,-0.9949588417101546,-1.1568543735902072e-08,-0.9949586383940849,3.394385791173613e-06,-0.9949584788543504,-2.5794329314799426e-07,-0.9949586560653586,5.521751445671004e-07,-0.9949596002466056,2.093928377968829e-09,-0.9949586364803562,1.791793174019984e-08,-0.9949586052126419,2.5415467880493893e-05,-0.9949552723674572
177,-2.8404712623644822e-08,-0.9949586499886468,1.4990326888950601e-09,-0.9949586150256207,1.1548475300736419e-08,-0.9949583859163724,-1.1937569884261025e-08,-0.9949586355309018,-1.548514527423524e-05,-0.9949582699036517,2.3875893966347653e-08,-0.9949586226339753,7.480743796450334e-07,-0.9949585623109942,-1.0383830918336963e-09,-0.9949586370335795,5.922394356522976e-08,-0.994958691132846,-2.981994671547441e-05,-0.994957821856441
178,-2.7103870942984205e-08,-0.9949586374811707,-4.966073205095143e-09,-0.9949586576539319,7.144589895503851e-09,-0.9949583387513764,-1.7762059217678815e-09,-0.9949586365932619,8.591026908687704e-06,-0.994958387617947,1.9600717018421106e-07,-0.9949586112839301,5.14376219434715e-09,-0.9949578458527981,-3.231001120695464e-09,-0.9949586374208357,-2.3566552602841936e-08,-0.9949586432894578,-2.541319277327672e-05,-0.9949546443771147
179,5.0186090543712744e-09,-0.9949586293732777,-4.028720207640436e-09,-0.9949586647360219,-3.969903255757822e-10,-0.9949587583203623,9.3987849973414e-09,-0.9949586380764602,2.002369386036594e-05,-0.9949586523594038,1.9710948647135121e-07,-0.9949586086495692,-4.940173415354742e-07,-0.9949587966186166,-3.3906255900576705e-09,-0.9949586373892993,-6.067030801263072e-08,-0.9949586065033855,1.7086931923464483e-05,-0.9949529594896658
180,2.6448684385445776e-08,-0.9949586273110318,6.8476976428268625e-09,-0.9949586250898173,-8.16705522550623e-10,-0.9949588435259306,3.460467305935911e-09,-0.9949586385046804,-1.058915452576362e-05,-0.9949587842283479,-9.926428134738449e-08,-0.9949586194432516,-4.797736728183652e-07,-0.9949593531554932,-1.710882724062829e-10,-0.994958636866688,1.4578038426605886e-09,-0.99495861784928,3.731888506979678e-05,-0.9949547317646109
181,-1.3124978473891428e-08,-0.9949586320204528,3.7135321998166347e-09,-0.994958612829947,2.483567723108296e-09,-0.9949587147190292,-3.3989768665109655e-09,-0.9949586373769211,-2.4404829357269908e-05,-0.9949586319542862,-1.0609506441594681e-07,-0.9949586505861467,8.82579964453792e-08,-0.9949590931276483,1.2294662217598865e-09,-0.9949586365929057,4.281952217862846e-08,-0.9949586406937548,-8.998132234484739e-07,-0.994959391816792
182,-2.594332052511928e-08,-0.9949586354170303,-1.3955649337660569e-09,-0.9949586458742475,1.0039501475933098e-09,-0.9949585289216827,-8.006189139386188e-10,-0.9949586361862496,2.625032466398733e-05,-0.9949584231016853,8.254977764999723e-08,-0.9949586225473571,4.5193554516902664e-07,-0.994958495943644,-3.775839152918372e-09,-0.9949586368061683,1.0197726651485699e-08,-0.9949586480028643,-2.7217890894821142e-05,-0.9949624803853601
183,7.937634868338662e-09,-0.9949586383514771,-3.6441360098699267e-09,-0.994958635904485,8.601266395840564e-10,-0.9949586326220525,1.0182316528620238e-09,-0.9949586353527795,2.826032939032279e-05,-0.9949583733903701,1.2318447582048757e-07,-0.9949586184899722,-5.337424781160141e-08,-0.9949588809259141,-3.981410668500825e-09,-0.9949586362777416,-1.975199698550689e-08,-0.9949586483821379,7.863748558899036e-06,-0.9949605241886208
184,2.6904628216367154e-08,-0.9949586383104981,-2.8096725985738847e-09,-0.9949586290537326,-7.283723433419003e-10,-0.9949587082419815,5.973485576814127e-10,-0.9949586361740521,-1.549623185004139e-05,-0.99495835938105,8.20801427874624e-08,-0.9949586264215277,-3.945953057168785e-07,-0.9949589619222122,-1.6583701838510335e-09,-0.9949586367031641,-1.0195170143494572e-08,-0.9949586311963916,2.6730366099034382e-05,-0.9949579275906197
185,-1.4600882229830907e-08,-0.9949586376295889,-2.651754363411697e-09,-0.9949586331243014,-4.3248884990927614e-11,-0.9949586987501093,-1.2566483217495035e-09,-0.994958636768495,-2.169586758749685e-05,-0.9949587976896912,-7.437826306959018e-08,-0.9949586284166433,-3.155616776229652e-07,-0.9949585290963172,1.8325675144725737e-09,-0.9949586371053594,5.467773835298636e-09,-0.9949586236211801,-4.510622807828448e-06,-0.994958487142215
186,-1.2420138311318889e-08,-0.9949586363065126,-2.0530862755539935e-09,-0.9949586376278018,4.1169182977738795e-10,-0.9949586007449561,-1.8794325288043405e-09,-0.9949586363195286,1.5179942350795963e-05,-0.994959022102747,-9.588002491040007e-08,-0.9949586295323092,2.6237789469699174e-09,-0.9949587301160147,-1.1697540586486598e-10,-0.9949586369264197,1.1119569713468138e-08,-0.9949586284989922,-2.1302262291133393e-05,-0.994959801438607
187,1.9972883405812994e-09,-0.9949586372023251,-1.3204270001683679e-09,-0.9949586399046413,2.623500169155918e-10,-0.9949585413291453,-4.934383442846357e-10,-0.994958635769217,2.481475038992786e-05,-0.9949587864958132,7.126607047318622e-08,-0.994958636521975,2.2330281939820374e-07,-0.9949587946979677,-2.1040909799655832e-09,-0.9949586367294272,-1.6722443470348467e-08,-0.9949586350200267,-8.037546231881249e-06,-0.9949597167221768
188,1.025798642018634e-08,-0.9949586395183356,-8.0756550739843e-10,-0.9949586414984289,7.129039130032996e-10,-0.9949585321255286,-9.237526826221878e-10,-0.9949586414877427,-1.4763728327676961e-05,-0.994958171110186,1.0415365339189911e-07,-0.9949586310161985,6.038764500455704e-08,-0.9949586864794981,-2.7473460378815257e-09,-0.9949586388275222,-2.672615461831614e-08,-0.9949586413638077,1.6228876713101518e-05,-0.9949583047863355
189,-6.071521274519339e-09,-0.9949586392918449,-1.593905805285167e-09,-0.9949586414839356,-1.5765600491263136e-09,-0.9949587549465179,-1.0822662840249957e-09,-0.99495864101568,-2.2195051425453184e-05,-0.9949584104390843,-3.866359058628393e-08,-0.9949586313189186,-9.616428315694642e-08,-0.9949585725865069,-6.160858178744731e-10,-0.9949586391418811,1.40151855900974e-09,-0.994958635023719,9.990571912968966e-06,-0.994957585905254
190,-1.3128252759238906e-08,-0.9949586386068171,-1.9579280645879665e-09,-0.9949586407543967,3.329195647849301e-10,-0.9949587753036624,-1.1385585308653417e-09,-0.9949586368272768,1.506228614944609e-05,-0.9949588717922688,-1.1451393606607824e-07,-0.9949586247071708,-6.44382026951195e-08,-0.9949586457792738,9.181285012288667e-11,-0.9949586385357877,1.930621103211054e-08,-0.9949586325785158,-9.980995599840122e-06,-0.9949588715873965
191,-1.0283513603782366e-08,-0.9949586376767505,-1.4619530703574412e-09,-0.994958640100438,-5.837147195119231e-12,-0.9949584635864511,-9.539551780981963e-10,-0.9949586342522488,1.2354996149199441e-05,-0.9949588033664756,-1.2626097983048616e-08,-0.9949586239050163,3.7183869677008234e-08,-0.9949586920763567,-1.0932835168869382e-09,-0.994958638659414,-7.939570671635756e-09,-0.9949586387302067,-6.747262355003294e-06,-0.9949597426999435
192,8.650310548112948e-09,-0.9949586375049569,-9.645366391941581e-10,-0.9949586396154018,-5.627585971396403e-10,-0.9949585100231066,-1.0341858230725164e-09,-0.9949586381321129,1.743554575736838e-06,-0.9949583566222079,7.331360470483962e-08,-0.9949586270684692,6.716135457436365e-08,-0.9949586347076942,-1.91991471542597e-09,-0.9949586389329039,-2.1839025233407227e-08,-0.9949586419910015,4.31558131820838e-06,-0.9949588434378825
193,7.273100425322528e-09,-0.9949586372709143,-9.707610451774229e-10,-0.9949586394710666,3.9053436267186025e-10,-0.994958701637643,-1.2671486218642498e-09,-0.9949586411330613,-7.6159718189488705e-06,-0.9949581548897848,6.064522440153236e-08,-0.9949586439784307,8.518665329336145e-09,-0.994958609270264,-6.400074106749024e-10,-0.9949586386411426,1.7024064300548897e-08,-0.9949586357230623,5.075052780085212e-06,-0.9949586180013664
194,-1.6194991106690258e-09,-0.9949586394425297,-1.6876664808805156e-09,-0.9949586396639528,-6.022151226501928e-10,-0.9949587324299913,-9.721807954246995e-10,-0.9949586394805354,-1.0366596458867989e-05,-0.9949581544440154,-8.245623549884149e-08,-0.9949586356935871,-4.3283862648956306e-08,-0.9949586266811503,-2.8319586794374265e-10,-0.9949586383788173,1.273530548597022e-08,-0.9949586347535812,-2.6533638863976578e-06,-0.9949594006271858
195,-7.844318785863112e-09,-0.9949586409626605,-1.955200116150289e-09,-0.9949586397275336,-1.4090409692732808e-09,-0.994958593139051,-1.372157806822379e-09,-0.994958635468189,5.583090966061253e-06,-0.9949582896623748,-7.03395754784932e-08,-0.9949586231713028,6.282178640278273e-09,-0.994958648036049,-2.1425843327496293e-09,-0.9949586380304243,-1.651223017556333e-08,-0.9949586394291308,-6.021539741863802e-06,-0.9949592815738462
196,-5.453259582278381e-09,-0.994958639447296,-1.1336531601080717e-09,-0.9949586398951907,5.573957449208815e-10,-0.9949585419222401,-1.3503125107974125e-09,-0.9949586378767014,9.120346144106492e-06,-0.99495869244268,3.844480255265765e-08,-0.9949586258488713,4.033279604240954e-08,-0.9949586605643076,-2.4967033685141716e-09,-0.9949586376883581,-1.8763916885390204e-08,-0.9949586379519257,-5.4753059065975495e-06,-0.9949588533388292
197,3.4494913786551894e-09,-0.9949586383759293,-8.867992315903498e-10,-0.9949586397420402,3.8683575010681194e-10,-0.9949585401914935,-8.326358244397624e-10,-0.9949586380257516,-5.90454043156164e-07,-0.9949588961057007,4.3623347984264806e-08,-0.9949586332662801,-1.0608450889703274e-08,-0.9949586615376622,-2.815892995140788e-10,-0.9949586372932218,1.4617388164605837e-08,-0.9949586351842794,1.8398197929127893e-06,-0.9949586155296714
198,-9.853472681784695e-10,-0.9949586395443345,-1.6057056300411533e-09,-0.9949586396911192,-1.0002777032068484e-09,-0.9949587367808964,-1.012496634748615e-09,-0.9949586378924179,-7.130418006527454e-06,-0.9949589773157361,-7.223972028649254e-08,-0.994958643062482,-1.7220844314268406e-08,-0.994958633972589,-9.888125827547246e-10,-0.9949586388063387,1.7849843576938318e-09,-0.9949586346871312,1.8864506731412688e-06,-0.9949592542363684
199,-5.024674789852227e-09,-0.9949586401722567,-1.88324654845812e-09,-0.994958639673147,-4.4134304249563963e-10,-0.9949587028093106,-1.6086117184314425e-09,-0.9949586387076846,-4.844139177888826e-06,-0.9949587209605025,-5.355234073749434e-08,-0.9949586327033049,2.3790768370897887e-08,-0.9949586300067258,-2.1824056059800493e-09,-0.9949586394740022,-9.865481964945038e-09,-0.9949586369767568,-1.455329020344241e-07,-0.9949592389100508
200,-1.9963885817515118e-09,-0.9949586401073635,-1.7898605587337146e-09,-0.9949586396482116,-1.6825963237123338e-10,-0.9949585493303273,-1.646931161449759e-09,-0.9949586389846591,3.302666304110611e-06,-0.9949586536851319,1.8614649373234324e-08,-0.9949586312261708,1.653367348552808e-08,-0.9949586441005946,-1.0803428444802123e-09,-0.9949586391035167,-5.442463854310835e-10,-0.9949586376237016,-1.5333500107433882e-06,-0.9949584395751111
